CategoryName,ProductName
Road Frames,"HL Road Frame - Black, 58"
Road Frames,"HL Road Frame - Red, 58"
Helmets,"Sport-100 Helmet, Red"
Helmets,"Sport-100 Helmet, Black"
Socks,"Mountain Bike Socks, M"
Socks,"Mountain Bike Socks, L"
Helmets,"Sport-100 Helmet, Blue"
Caps,AWC Logo Cap
Jerseys,"Long-Sleeve Logo Jersey, S"
Jerseys,"Long-Sleeve Logo Jersey, M"
Jerseys,"Long-Sleeve Logo Jersey, L"
Jerseys,"Long-Sleeve Logo Jersey, XL"
Road Frames,"HL Road Frame - Red, 62"
Road Frames,"HL Road Frame - Red, 44"
Road Frames,"HL Road Frame - Red, 48"
Road Frames,"HL Road Frame - Red, 52"
Road Frames,"HL Road Frame - Red, 56"
Road Frames,"LL Road Frame - Black, 58"
Road Frames,"LL Road Frame - Black, 60"
Road Frames,"LL Road Frame - Black, 62"